RPM,Torque,
260.1480442,83.95369157,0.88
256.3491038,78.85889035,0.88
256.3491038,75.26256007,0.88
256.3491038,71.66622979,0.88
256.3491038,68.06989952,0.88
256.3491038,64.47356924,0.88
256.3491038,60.87723897,0.88
255.0827903,56.88131644,0.88
267.7459251,95.71668851,0.88
263.9469847,90.84665793,0.88
260.1480442,88.44910441,0.88
267.7459251,51.88641328,0.88
275.343806,104.7824377,0.88
271.5448655,99.83748362,0.88
280.4090599,110.0270861,0.88
285.9808392,46.91148973,0.88
290.5395677,115.7212757,0.88
298.1374485,120.7161788,0.88
305.7353294,124.8119994,0.88
313.3332103,129.3074123,0.88
317.1321507,42.7457405,0.88
328.528972,134.4521625,0.88
343.7247337,139.7717344,0.88
355.121555,39.29925732,0.88
358.9204954,144.1922237,0.88
374.1162572,148.4628659,0.88
386.7793919,151.8843745,0.88
400.7088402,36.00262123,0.88
400.7088402,155.8802971,0.88
415.9046019,159.4766273,0.88
431.1003636,163.0729576,0.88
446.2961254,33.50516965,0.88
450.0950658,166.869084,0.88
465.2908275,170.7651085,0.88
491.8834106,31.30741226,0.88
488.0844701,175.2854958,0.88
510.8781127,180.4552206,0.88
537.4706957,29.40934906,0.88
533.6717553,185.1504296,0.88
556.4653979,189.4460463,0.88
583.0579809,27.81098005,0.88
579.2590405,193.741663,0.88
602.0526831,197.8374836,0.88
628.6452661,26.41240716,0.88
624.8463257,201.4338139,0.88
647.6399682,205.1300422,0.88
674.2325513,25.21363041,0.88
670.4336108,208.5265764,0.88
697.0261939,212.2977283,0.88
719.8198364,24.21464977,0.88
727.4177173,216.4185234,0.88
757.8092408,220.0148536,0.88
765.4071216,23.36551624,0.88
788.2007642,223.3114897,0.88
810.9944068,22.66622979,0.88
822.3912281,226.7280035,0.88
856.581692,22.06684142,0.88
864.1795728,230.5041503,0.88
902.1689772,21.46745304,0.88
909.766858,234.0005825,0.88
947.7562623,20.91801369,0.88
955.3541432,236.8976263,0.88
993.3435475,20.6183195,0.88
1000.941428,239.2951798,0.88
1038.930833,20.11882918,0.88
1046.528714,241.143294,0.88
1084.518118,19.81913499,0.88
1092.115999,242.4919179,0.88
1130.105403,19.5194408,0.88
1137.703284,243.4409495,0.88
1175.692688,19.36959371,0.88
1183.290569,243.6906946,0.88
1221.279973,18.92005242,0.88
1228.877854,243.6906946,0.88
1266.867259,18.92005242,0.88
1274.465139,243.6906946,0.88
1312.454544,18.7202563,0.88
1320.052425,243.6906946,0.88
1358.041829,18.37061308,0.88
1365.63971,243.6906946,0.88
1403.629114,18.32066405,0.88
1411.226995,243.6906946,0.88
1449.216399,18.32066405,0.88
1456.81428,243.6906946,0.88
1494.803684,18.12086792,0.88
1502.401565,243.6906946,0.88
1540.39097,17.97102082,0.88
1547.988851,243.6906946,0.88
1585.978255,17.72127567,0.88
1593.576136,243.6906946,0.88
1631.56554,17.72127567,0.88
1639.163421,243.6906946,0.88
1677.152825,17.72127567,0.88
1684.750706,243.6906946,0.88
1722.74011,17.72127567,0.88
1730.337991,243.6906946,0.88
1768.327396,17.72127567,0.88
1775.925276,243.6906946,0.88
1813.914681,17.72127567,0.88
1821.512562,243.6906946,0.88
1859.501966,17.42158148,0.88
1867.099847,243.6906946,0.88
1905.089251,17.42158148,0.88
1912.687132,243.6906946,0.88
1950.676536,17.42158148,0.88
1958.274417,243.6906946,0.88
1996.263821,17.42158148,0.88
2003.861702,243.6906946,0.88
2041.851107,17.42158148,0.88
2049.448988,243.6906946,0.88
2087.438392,17.42158148,0.88
2095.036273,243.6906946,0.88
2133.025677,17.42158148,0.88
2140.623558,243.6906946,0.88
2178.612962,17.42158148,0.88
2186.210843,243.6906946,0.88
2224.200247,17.42158148,0.88
2231.798128,243.6906946,0.88
2269.787533,17.42158148,0.88
2277.385413,243.6906946,0.88
2315.374818,17.42158148,0.88
2322.972699,243.6906946,0.88
2360.962103,17.42158148,0.88
2368.559984,243.6906946,0.88
2406.549388,17.6213776,0.88
2414.147269,243.6906946,0.88
2452.136673,17.72127567,0.88
2459.734554,243.6906946,0.88
2497.723958,17.72127567,0.88
2505.321839,243.6906946,0.88
2543.311244,17.72127567,0.88
2550.909124,243.6906946,0.88
2588.898529,17.72127567,0.88
2596.49641,243.6906946,0.88
2634.485814,17.72127567,0.88
2642.083695,243.6906946,0.88
2680.073099,18.02096986,0.88
2687.67098,243.6906946,0.88
2725.660384,18.22076598,0.88
2733.258265,243.6906946,0.88
2771.24767,18.32066405,0.88
2778.84555,243.6906946,0.88
2816.834955,18.32066405,0.88
2824.432836,243.6906946,0.88
2862.42224,18.42056211,0.88
2870.020121,243.6906946,0.88
2908.009525,18.82015436,0.88
2915.607406,243.6906946,0.88
2953.59681,18.92005242,0.88
2961.194691,243.6906946,0.88
2999.184095,18.92005242,0.88
3006.781976,243.6906946,0.88
3044.771381,19.41954274,0.88
3052.369261,243.6906946,0.88
3090.358666,19.5194408,0.88
3097.956547,243.6906946,0.88
3135.945951,19.71923693,0.88
3143.543832,243.6906946,0.88
3181.533236,20.11882918,0.88
3189.131117,243.6906946,0.88
3227.120521,20.21872725,0.88
3234.718402,243.6906946,0.88
3272.707806,20.71821756,0.88
3280.305687,243.6906946,0.88
3318.295092,20.91801369,0.88
3325.892973,243.6906946,0.88
3363.882377,21.31760594,0.88
3371.480258,243.6906946,0.88
3409.469662,21.71719819,0.88
3417.067543,243.6906946,0.88
3455.056947,22.06684142,0.88
3462.654828,243.6906946,0.88
3500.644232,22.56633173,0.88
3508.242113,243.6906946,0.88
3546.231518,23.11577108,0.88
3553.829398,243.6906946,0.88
3591.818803,23.66521043,0.88
3599.416684,243.6906946,0.88
3637.406088,24.31454784,0.88
3645.003969,243.6906946,0.88
3682.993373,25.41342653,0.88
3690.591254,243.6906946,0.88
3728.580658,26.71210135,0.88
3736.178539,243.6906946,0.88
3774.167943,28.06072521,0.88
3781.765824,243.6906946,0.88
3819.755229,29.55919616,0.88
3827.353109,243.6906946,0.88
3865.342514,30.95776904,0.88
3872.940395,243.6906946,0.88
3910.929799,32.65603611,0.88
3918.52768,243.6906946,0.88
3956.517084,34.25440513,0.88
3964.114965,243.6906946,0.88
4002.104369,36.05257026,0.88
4009.70225,243.6906946,0.88
4047.691655,37.80078637,0.88
4055.289535,243.6906946,0.88
4093.27894,39.69884957,0.88
4100.876821,243.6906946,0.88
4138.866225,41.59691277,0.88
4146.464106,243.6906946,0.88
4184.45351,43.6947721,0.88
4192.051391,243.6906946,0.88
4230.040795,45.74268239,0.88
4237.638676,243.6906946,0.88
4275.62808,47.94043978,0.88
4283.225961,243.6906946,0.88
4321.215366,50.23809524,0.88
4328.813246,243.6906946,0.88
4366.802651,52.58569972,0.88
4374.400532,243.6906946,0.88
4412.389936,55.13310033,0.88
4419.987817,243.6906946,0.88
4457.977221,57.73044998,0.88
4465.575102,243.6906946,0.88
4503.564506,60.47764672,0.88
4511.162387,243.6906946,0.88
4549.151791,63.32474152,0.88
4556.749672,243.6906946,0.88
4594.739077,66.37163245,0.88
4602.336958,243.6906946,0.88
4640.326362,69.36857434,0.88
4647.924243,243.6906946,0.88
4685.913647,72.86500655,0.88
4693.511528,243.6906946,0.88
4731.500932,76.46133683,0.88
4739.098813,243.6906946,0.88
4773.289277,79.75797291,0.88
4784.686098,243.6906946,0.88
4811.278681,83.29436435,0.88
4830.273383,243.6906946,0.88
4845.469145,86.42616863,0.88
4875.860669,243.6906946,0.88
4879.659609,89.94757536,0.88
4921.447954,243.6906946,0.88
4913.850073,93.61882918,0.88
4944.241596,97.14023591,0.88
4967.035239,243.6906946,0.88
4974.63312,101.1861075,0.88
5005.024643,105.3818261,0.88
5016.421465,109.2279016,0.88
5008.04829,243.8095238,0.88
609.6505639,113.848187,0.92
605.8516235,108.8283093,0.92
605.8516235,105.231979,0.92
604.58531,101.1361584,0.92
617.2484448,119.417504,0.92
613.4495044,96.31607689,0.92
624.8463257,123.9129168,0.92
624.8463257,91.07142857,0.92
640.0420874,128.9827436,0.92
640.0420874,85.97662735,0.92
655.2378491,133.9276977,0.92
655.2378491,82.00567934,0.92
670.4336108,138.4231105,0.92
678.0314917,78.05970584,0.92
685.6293726,142.6188292,0.92
700.8251343,146.6647007,0.92
700.8251343,74.3634775,0.92
716.020896,150.3359546,0.92
727.4177173,70.69222368,0.92
731.2166577,153.9322848,0.92
746.4124195,157.5286151,0.92
757.8092408,67.32066405,0.92
761.6081812,161.7742828,0.92
784.4018238,166.5693898,0.92
791.9997046,63.9341197,0.92
803.3965259,170.2656182,0.92
822.3912281,174.1616426,0.92
833.7880494,60.37774865,0.92
845.1848707,178.3573613,0.92
867.9785133,182.2533858,0.92
879.3753346,57.33085773,0.92
890.7721559,186.3492063,0.92
913.5657985,190.0454347,0.92
924.9626198,54.73350808,0.92
936.359441,193.641765,0.92
959.1530836,197.0382991,0.92
970.5499049,52.48580166,0.92
981.9467262,200.4348333,0.92
1004.740369,204.1310616,0.92
1016.13719,50.53778943,0.92
1027.534011,207.3277996,0.92
1054.126594,211.1738751,0.92
1061.724475,48.98936945,0.92
1084.518118,214.9200524,0.92
1107.31176,47.59079656,0.92
1118.708582,218.5763215,0.92
1152.899046,46.44196884,0.92
1160.496927,222.0627639,0.92
1198.486331,45.54288627,0.92
1206.084212,224.8599097,0.92
1244.073616,44.69375273,0.92
1251.671497,227.0576671,0.92
1289.660901,44.04441532,0.92
1297.258782,228.7559342,0.92
1335.248186,43.49497597,0.92
1342.846067,229.9547109,0.92
1380.835472,42.94553662,0.92
1388.433352,230.8537935,0.92
1426.422757,42.54594437,0.92
1434.020638,231.5530799,0.92
1472.010042,42.29619921,0.92
1479.607923,231.702927,0.92
1517.597327,41.89660696,0.92
1525.195208,231.702927,0.92
1563.184612,41.69681083,0.92
1570.782493,231.702927,0.92
1608.771897,41.6468618,0.92
1616.369778,231.702927,0.92
1654.359183,41.34716761,0.92
1661.957063,231.702927,0.92
1699.946468,41.09742246,0.92
1707.544349,231.702927,0.92
1745.533753,41.09742246,0.92
1753.131634,231.702927,0.92
1791.121038,41.09742246,0.92
1798.718919,231.702927,0.92
1836.708323,41.09742246,0.92
1844.306204,231.702927,0.92
1882.295609,41.09742246,0.92
1889.893489,231.702927,0.92
1927.882894,41.09742246,0.92
1935.480775,231.702927,0.92
1973.470179,41.09742246,0.92
1981.06806,231.702927,0.92
2019.057464,41.09742246,0.92
2026.655345,231.702927,0.92
2064.644749,41.09742246,0.92
2072.24263,231.702927,0.92
2110.232034,41.09742246,0.92
2117.829915,231.702927,0.92
2155.81932,41.09742246,0.92
2163.4172,231.702927,0.92
2201.406605,41.09742246,0.92
2209.004486,231.702927,0.92
2246.99389,41.09742246,0.92
2254.591771,231.702927,0.92
2292.581175,41.09742246,0.92
2300.179056,231.5530799,0.92
2338.16846,41.09742246,0.92
2345.766341,231.4032329,0.92
2383.755745,41.09742246,0.92
2391.353626,231.4032329,0.92
2429.343031,41.09742246,0.92
2436.940912,231.4032329,0.92
2474.930316,41.09742246,0.92
2482.528197,231.4032329,0.92
2520.517601,41.09742246,0.92
2528.115482,231.4032329,0.92
2566.104886,41.09742246,0.92
2573.702767,231.2533858,0.92
2611.692171,41.09742246,0.92
2619.290052,231.1035387,0.92
2657.279457,41.09742246,0.92
2664.877337,231.1035387,0.92
2702.866742,41.09742246,0.92
2710.464623,231.1035387,0.92
2748.454027,40.94757536,0.92
2756.051908,231.1035387,0.92
2794.041312,40.79772827,0.92
2801.639193,231.1035387,0.92
2839.628597,40.79772827,0.92
2847.226478,231.1035387,0.92
2885.215882,40.79772827,0.92
2892.813763,231.1035387,0.92
2930.803168,40.79772827,0.92
2938.401048,231.1035387,0.92
2976.390453,40.79772827,0.92
2983.988334,231.1035387,0.92
3021.977738,40.79772827,0.92
3029.575619,231.1035387,0.92
3067.565023,40.79772827,0.92
3075.162904,231.1035387,0.92
3113.152308,40.99752439,0.92
3120.750189,231.1035387,0.92
3158.739594,41.09742246,0.92
3166.337474,231.1035387,0.92
3204.326879,41.09742246,0.92
3211.92476,231.1035387,0.92
3249.914164,41.09742246,0.92
3257.512045,231.1035387,0.92
3295.501449,41.49701471,0.92
3303.09933,231.1035387,0.92
3341.088734,41.69681083,0.92
3348.686615,231.1035387,0.92
3386.676019,42.04645406,0.92
3394.2739,231.1035387,0.92
3432.263305,42.29619921,0.92
3439.861185,231.1035387,0.92
3477.85059,42.84563856,0.92
3485.448471,231.1035387,0.92
3523.437875,43.34512888,0.92
3531.035756,231.1035387,0.92
3569.02516,43.84461919,0.92
3576.623041,231.1035387,0.92
3614.612445,44.54390564,0.92
3622.210326,231.1035387,0.92
3660.19973,45.24319208,0.92
3667.797611,231.1035387,0.92
3705.787016,46.14227465,0.92
3713.384897,231.1035387,0.92
3751.374301,47.04135722,0.92
3758.972182,231.1035387,0.92
3796.961586,48.09028688,0.92
3804.559467,231.1035387,0.92
3842.548871,49.33901267,0.92
3850.146752,231.1035387,0.92
3888.136156,50.58773846,0.92
3895.734037,231.1035387,0.92
3933.723442,52.08620941,0.92
3941.321322,231.1035387,0.92
3979.310727,53.68457842,0.92
3986.908608,231.1035387,0.92
4024.898012,55.38284549,0.92
4032.495893,231.1035387,0.92
4070.485297,57.1310616,0.92
4078.083178,231.1035387,0.92
4116.072582,59.0291248,0.92
4123.670463,231.1035387,0.92
4161.659867,61.02708606,0.92
4169.257748,231.1035387,0.92
4207.247153,63.07499636,0.92
4214.845034,231.1035387,0.92
4252.834438,65.27275375,0.92
4260.432319,231.1035387,0.92
4298.421723,67.5704092,0.92
4306.019604,231.1035387,0.92
4344.009008,69.96796272,0.92
4351.606889,231.1035387,0.92
4389.596293,72.41546527,0.92
4397.194174,231.1035387,0.92
4435.183579,74.96286588,0.92
4442.781459,231.1035387,0.92
4480.770864,77.76001165,0.92
4488.368745,231.1035387,0.92
4526.358149,80.60710645,0.92
4533.95603,231.1035387,0.92
4571.945434,83.55409932,0.92
4579.543315,231.1035387,0.92
4617.532719,86.70088831,0.92
4625.1306,231.1035387,0.92
4663.120004,90.09742246,0.92
4670.717885,231.1035387,0.92
4708.70729,93.24421145,0.92
4716.30517,231.1035387,0.92
4750.495634,96.72066405,0.92
4761.892456,231.1035387,0.92
4792.283979,100.436872,0.92
4807.479741,231.1035387,0.92
4834.072324,104.1530799,0.92
4853.067026,231.1035387,0.92
4872.061728,107.9292267,0.92
4898.654311,231.1035387,0.92
4906.252192,111.525557,0.92
4944.241596,231.1035387,0.92
4936.643716,115.0469637,0.92
4967.035239,118.7182176,0.92
4982.231001,231.1035387,0.92
4993.627822,122.514344,0.92
5014.084507,124.7619048,0.92
5014.084507,230.952381,0.92
943.9573219,96.99038882,94%
940.1583815,92.04543469,94%
940.1583815,88.44910441,94%
940.1583815,84.85277414,94%
943.9573219,80.45725936,94%
951.5552028,113.3986457,94%
947.7562623,108.5286151,94%
947.7562623,104.9322848,94%
947.7562623,101.3359546,94%
951.5552028,77.06072521,94%
959.1530836,123.1387069,94%
955.3541432,118.1188292,94%
966.7509645,128.9827436,94%
974.3488454,134.1025193,94%
978.1477858,73.46439493,94%
981.9467262,138.7977283,94%
997.142488,144.4169943,94%
1016.13719,69.86806466,94%
1012.33825,149.1371778,94%
1027.534011,153.9822339,94%
1050.327654,158.7773409,94%
1061.724475,66.92107179,94%
1073.121297,162.6733654,94%
1095.914939,165.8701034,94%
1107.31176,64.97305956,94%
1126.306463,169.5463521,94%
1152.899046,63.47458861,94%
1168.094807,173.4124072,94%
1198.486331,62.32576089,94%
1213.682093,176.6091452,94%
1244.073616,61.37672928,94%
1259.269378,179.406291,94%
1289.660901,60.62749381,94%
1304.856663,181.8537935,94%
1335.248186,60.02810543,94%
1350.443948,184.0016019,94%
1380.835472,59.42871705,94%
1396.031233,186.0495122,94%
1426.422757,58.92922674,94%
1441.618518,187.8476773,94%
1472.010042,58.47968545,94%
1487.205804,189.5459444,94%
1517.597327,58.0800932,94%
1532.793089,191.0444153,94%
1563.184612,57.9302461,94%
1578.380374,192.6427843,94%
1608.771897,57.48070482,94%
1623.967659,193.9414592,94%
1654.359183,57.28090869,94%
1669.554944,195.240134,94%
1699.946468,57.18101063,94%
1715.14223,196.3390127,94%
1745.533753,56.83136741,94%
1760.729515,197.3879423,94%
1791.121038,56.68152031,94%
1806.3168,198.386923,94%
1836.708323,56.68152031,94%
1851.904085,199.1861075,94%
1882.295609,56.68152031,94%
1897.49137,199.8853939,94%
1927.882894,56.53167322,94%
1943.078655,200.4847823,94%
1973.470179,56.38182612,94%
1988.665941,200.9343236,94%
2019.057464,56.38182612,94%
2034.253226,201.1341197,94%
2064.644749,56.38182612,94%
2079.840511,201.1341197,94%
2110.232034,56.38182612,94%
2125.427796,201.1341197,94%
2155.81932,56.38182612,94%
2171.015081,201.1341197,94%
2201.406605,56.38182612,94%
2216.602366,201.1341197,94%
2246.99389,56.38182612,94%
2262.189652,201.1341197,94%
2292.581175,56.38182612,94%
2307.776937,201.1341197,94%
2338.16846,56.53167322,94%
2353.364222,201.1341197,94%
2383.755745,56.68152031,94%
2398.951507,201.1341197,94%
2429.343031,56.68152031,94%
2444.538792,201.1341197,94%
2474.930316,56.68152031,94%
2490.126078,201.1341197,94%
2520.517601,56.68152031,94%
2535.713363,201.1341197,94%
2566.104886,56.68152031,94%
2581.300648,201.1341197,94%
2611.692171,56.68152031,94%
2626.887933,201.1341197,94%
2657.279457,56.68152031,94%
2672.475218,201.1341197,94%
2702.866742,56.68152031,94%
2718.062503,201.1341197,94%
2748.454027,56.68152031,94%
2763.649789,201.1341197,94%
2794.041312,56.68152031,94%
2809.237074,201.1341197,94%
2839.628597,56.68152031,94%
2854.824359,201.0342216,94%
2885.215882,56.68152031,94%
2900.411644,200.8344255,94%
2930.803168,56.68152031,94%
2945.998929,200.8344255,94%
2976.390453,56.68152031,94%
2991.586215,200.7345275,94%
3021.977738,56.73146935,94%
3037.1735,200.5347313,94%
3067.565023,56.9812145,94%
3082.760785,200.5347313,94%
3113.152308,57.28090869,94%
3128.34807,200.5347313,94%
3158.739594,57.28090869,94%
3173.935355,200.5347313,94%
3204.326879,57.28090869,94%
3219.52264,200.5347313,94%
3249.914164,57.33085773,94%
3265.109926,200.5347313,94%
3295.501449,57.83034804,94%
3310.697211,200.5347313,94%
3341.088734,57.88029707,94%
3356.284496,200.5347313,94%
3386.676019,58.32983836,94%
3401.871781,200.4847823,94%
3432.263305,58.52963448,94%
3447.459066,200.2350371,94%
3477.85059,59.07907383,94%
3493.046352,200.2350371,94%
3523.437875,59.47866608,94%
3538.633637,200.1850881,94%
3569.02516,59.92820737,94%
3584.220922,199.9353429,94%
3614.612445,60.52759575,94%
3629.808207,199.9353429,94%
3660.19973,61.22688219,94%
3675.395492,199.9353429,94%
3705.787016,61.97611766,94%
3720.982777,199.9353429,94%
3751.374301,62.87520023,94%
3766.570063,199.9353429,94%
3796.961586,63.7742828,94%
3812.157348,199.9353429,94%
3842.548871,64.8731615,94%
3857.744633,199.9353429,94%
3888.136156,66.07193826,94%
3903.331918,199.9353429,94%
3933.723442,67.37061308,94%
3948.919203,199.9353429,94%
3979.310727,68.86908403,94%
3994.506488,199.6356488,94%
4024.898012,70.61730013,94%
4040.093774,199.6356488,94%
4070.485297,72.4654143,94%
4085.681059,199.6356488,94%
4116.072582,74.66317169,94%
4131.268344,199.3359546,94%
4161.659867,76.96082714,94%
4176.855629,199.3359546,94%
4207.247153,79.45827872,94%
4222.442914,199.3359546,94%
4252.834438,82.15552643,94%
4268.0302,199.3359546,94%
4298.421723,85.05257026,94%
4313.617485,199.3359546,94%
4344.009008,88.04951216,94%
4359.20477,199.3359546,94%
4389.596293,91.24625018,94%
4404.792055,199.3359546,94%
4435.183579,94.4429882,94%
4450.37934,199.3359546,94%
4480.770864,98.03931848,94%
4495.966625,199.3359546,94%
4526.358149,101.6356488,94%
4541.553911,199.0862094,94%
4568.146494,105.2919179,94%
4587.141196,199.0362604,94%
4609.934838,108.8283093,94%
4632.728481,199.0362604,94%
4651.723183,112.6643949,94%
4678.315766,198.7865152,94%
4689.712587,116.1408475,94%
4723.903051,198.7365662,94%
4727.701992,119.7371778,94%
4769.490337,198.7365662,94%
4765.691396,123.5133246,94%
4803.6808,127.4093491,94%
4815.077622,198.7365662,94%
4841.670205,131.3053735,94%
4860.664907,198.7365662,94%
4875.860669,134.9766273,94%
4906.252192,198.7365662,94%
4906.252192,138.348187,94%
4936.643716,141.8695937,94%
4951.839477,198.7365662,94%
4967.035239,145.3910004,94%
4986.029941,198.7365662,94%
4989.828882,148.0882481,94%
5020.120724,150.4761905,94%
5014.084507,199.047619,94%
1171.893748,147.3390127,95%
1168.094807,142.0943644,95%
1171.893748,137.7987476,95%
1179.491629,134.2024174,95%
1198.486331,152.2839668,95%
1194.68739,130.2564439,95%
1213.682093,126.0607252,95%
1236.475735,155.1310616,95%
1240.274676,121.2156691,95%
1263.068318,117.5194408,95%
1282.06302,157.328819,95%
1285.861961,114.0230086,95%
1312.454544,110.1769332,95%
1327.650306,159.1269841,95%
1342.846067,106.2059851,95%
1373.237591,160.575506,95%
1373.237591,102.5347313,95%
1403.629114,99.23809524,95%
1418.824876,161.7742828,95%
1437.819578,95.58182612,95%
1464.412161,162.8232125,95%
1475.808982,91.92555701,95%
1509.999446,163.722295,95%
1513.798387,88.62892093,95%
1555.586731,164.4215815,95%
1555.586731,85.15246833,95%
1601.174017,165.170817,95%
1601.174017,81.70598515,95%
1646.761302,165.8201544,95%
1646.761302,78.55919616,95%
1692.348587,166.4195427,95%
1692.348587,75.71210135,95%
1737.935872,166.9689821,95%
1737.935872,73.16470074,95%
1783.523157,167.5184214,95%
1783.523157,70.91699432,95%
1829.110442,167.8680647,95%
1829.110442,69.01893112,95%
1874.697728,168.1677588,95%
1874.697728,67.32066405,95%
1920.285013,168.6672492,95%
1920.285013,65.97204019,95%
1965.872298,168.7671472,95%
1965.872298,64.97305956,95%
2011.459583,169.2666375,95%
2011.459583,64.22382409,95%
2057.046868,169.3665356,95%
2057.046868,63.87418087,95%
2102.634154,169.5163827,95%
2102.634154,63.57448668,95%
2148.221439,169.915975,95%
2148.221439,63.57448668,95%
2193.808724,169.965924,95%
2193.808724,63.57448668,95%
2239.396009,169.965924,95%
2239.396009,63.7742828,95%
2284.983294,169.965924,95%
2284.983294,63.87418087,95%
2330.570579,169.965924,95%
2330.570579,64.17387505,95%
2376.157865,169.965924,95%
2376.157865,64.47356924,95%
2421.74515,169.965924,95%
2421.74515,64.97305956,95%
2467.332435,169.965924,95%
2467.332435,65.32270278,95%
2512.91972,169.965924,95%
2512.91972,65.72229503,95%
2558.507005,169.965924,95%
2558.507005,66.32168341,95%
2604.094291,169.7161788,95%
2604.094291,66.87112276,95%
2649.681576,169.3665356,95%
2649.681576,67.47051114,95%
2695.268861,169.3165866,95%
2695.268861,68.11984855,95%
2740.856146,168.8170963,95%
2740.856146,68.81913499,95%
2786.443431,168.6672492,95%
2786.443431,69.41852337,95%
2832.030716,168.1677588,95%
2832.030716,70.11780982,95%
2877.618002,168.0678608,95%
2877.618002,70.81709626,95%
2923.205287,167.5683705,95%
2923.205287,71.66622979,95%
2968.792572,167.4684724,95%
2968.792572,72.41546527,95%
3014.379857,166.9689821,95%
3014.379857,73.21464977,95%
3059.967142,166.869084,95%
3059.967142,74.16368137,95%
3105.554427,166.3695937,95%
3105.554427,75.01281491,95%
3151.141713,166.1198486,95%
3151.141713,75.96184651,95%
3196.728998,165.7702053,95%
3196.728998,76.81098005,95%
3242.316283,165.3706131,95%
3242.316283,77.85990971,95%
3287.903568,165.0709189,95%
3287.903568,78.80894131,95%
3333.490853,164.5714286,95%
3333.490853,79.80792195,95%
3379.078139,164.1218873,95%
3379.078139,80.90680064,95%
3424.665424,163.722295,95%
3424.665424,82.05562837,95%
3470.252709,163.2228047,95%
3470.252709,83.20445609,95%
3515.839994,162.7233144,95%
3515.839994,84.35328382,95%
3561.427279,162.123926,95%
3561.427279,85.55206058,95%
3607.014564,161.5245376,95%
3607.014564,86.8507354,95%
3652.60185,160.8252512,95%
3652.60185,88.14941022,95%
3698.189135,160.1259648,95%
3698.189135,89.54798311,95%
3743.77642,159.4266783,95%
3743.77642,90.94655599,95%
3789.363705,158.4776467,95%
3789.363705,92.49497597,95%
3834.95099,157.6285132,95%
3834.95099,94.04339595,95%
3880.538276,156.5795835,95%
3880.538276,95.64176496,95%
3926.125561,155.4307558,95%
3926.125561,97.4399301,95%
3971.712846,154.231979,95%
3971.712846,99.3379933,95%
4017.300131,152.8334061,95%
4017.300131,101.2360565,95%
4062.887416,151.2350371,95%
4062.887416,103.3838649,95%
4108.474701,149.386923,95%
4108.474701,105.7314693,95%
4154.061987,147.1392165,95%
4154.061987,108.378768,95%
4199.649272,144.4919179,95%
4199.649272,111.3257609,95%
4241.437617,141.1952818,95%
4241.437617,114.8221931,95%
4271.82914,137.8986457,95%
4275.62808,118.5683705,95%
4294.622783,134.1025193,95%
4302.220663,122.614242,95%
4309.818544,128.3833552,95%
4307.847082,125.7142857,95%
4307.847082,130.952381,95%
1181.086519,150,95%
1169.014085,144.7619048,95%
1469.477415,121.6152614,96%
1475.808982,115.1218873,96%
1509.999446,125.711082,96%
1498.602625,111.525557,96%
1525.195208,107.9292267,96%
1555.586731,126.9598078,96%
1555.586731,104.2579729,96%
1589.777195,100.796505,96%
1601.174017,127.7589923,96%
1627.7666,97.20017475,96%
1646.761302,128.3583807,96%
1669.554944,93.84359983,96%
1692.348587,128.6580749,96%
1715.14223,90.34716761,96%
1737.935872,129.1076161,96%
1760.729515,87.35022572,96%
1783.523157,129.2075142,96%
1806.3168,84.75287607,96%
1829.110442,129.2075142,96%
1851.904085,82.35532256,96%
1874.697728,129.2075142,96%
1897.49137,80.30741226,96%
1920.285013,129.2075142,96%
1943.078655,78.60914519,96%
1965.872298,129.2075142,96%
1988.665941,77.2105723,96%
2011.459583,129.2075142,96%
2034.253226,76.11169361,96%
2057.046868,129.2075142,96%
2079.840511,75.4623562,96%
2102.634154,129.1575652,96%
2125.427796,75.06276394,96%
2148.221439,128.8079219,96%
2171.015081,74.81301879,96%
2193.808724,128.6081258,96%
2216.602366,74.66317169,96%
2239.396009,128.5581768,96%
2262.189652,74.96286588,96%
2284.983294,128.0586865,96%
2307.776937,75.21261104,96%
2330.570579,128.0087374,96%
2353.364222,75.26256007,96%
2376.157865,127.5092471,96%
2398.951507,75.56225426,96%
2421.74515,127.3594,96%
2444.538792,75.86194845,96%
2467.332435,126.8099607,96%
2490.126078,76.21159167,96%
2512.91972,126.7100626,96%
2535.713363,76.51128586,96%
2558.507005,126.2105723,96%
2581.300648,77.06072521,96%
2604.094291,126.2105723,96%
2626.887933,77.51026649,96%
2649.681576,125.9608271,96%
2672.475218,78.00975681,96%
2695.268861,125.6111839,96%
2718.062503,78.50924712,96%
2740.856146,125.6111839,96%
2763.649789,79.1086355,96%
2786.443431,125.4113878,96%
2809.237074,79.80792195,96%
2832.030716,125.0117955,96%
2854.824359,80.40731032,96%
2877.618002,125.0117955,96%
2900.411644,81.1565458,96%
2923.205287,124.5622543,96%
2945.998929,82.00567934,96%
2968.792572,124.4623562,96%
2991.586215,82.75491481,96%
3014.379857,124.112713,96%
3037.1735,83.55409932,96%
3059.967142,123.8130188,96%
3082.760785,84.50313092,96%
3105.554427,123.3634775,96%
3128.34807,85.50211155,96%
3151.141713,122.9638852,96%
3173.935355,86.50109218,96%
3196.728998,122.4643949,96%
3219.52264,87.64991991,96%
3242.316283,121.7651085,96%
3265.109926,88.84869667,96%
3287.903568,121.065822,96%
3310.697211,90.19732052,96%
3333.490853,120.2166885,96%
3356.284496,91.69579147,96%
3379.078139,119.2177079,96%
3401.871781,93.39405854,96%
3424.665424,117.869084,96%
3447.459066,95.3920198,96%
3470.252709,116.0709189,96%
3493.046352,97.93942042,96%
3515.839994,113.4735692,96%
3531.035756,100.9613368,96%
3550.030458,109.4276977,96%
3555.728869,104.9922237,96%
1476.861167,123.8095238,96%
1464.788732,118.5714286,96%
3535.211268,111.9047619,96%
3559.356137,107.1428571,96%
